layer_id*,part_name*,part_id*,part_description,purchase_url,quantity,nomenclature,mfr_code,nsn_number
2_O-Ring,"O-RING, MIL-R-83248",3,"O-RING, MIL-R-83248",,6,,81349,9Z5330-00-166-0991
4_Elbow,"ELBOW, MALE, TUBE TO STRAIGHT THREAD",4,"ELBOW, MALE, TUBE TO STRAIGHT THREAD",,2,,99565,
5_O-Ring,"O-RING, MIL-R-83248",5,"O-RING, MIL-R-83248",,2,,81349,9Z5330-00-166-0991
14_Screw,"SCREW, HEX HD CAP OR 8 1/2-13 UNC X 1 1/4 IN. L",14,"SCREW, HEX HD CAP OR 8 1/2-13 UNC X 1 1/4 IN. L",,4,,9F512,
15_Washer,"WASHER, FLAT 1/2 316SST",15,"WASHER, FLAT 1/2 316SST",,8,,9F512,
21_Lockwire,LOCKWIRE 1/32 DIA 302304SST,21,LOCKWIRE 1/32 DIA 302304SST,,AR,,9F512,
22_Seal,"SEAL, ABEX LEAD",22,"SEAL, ABEX LEAD",,1,,9F512,
23_Screw,"SCREW, DRILLED HD 316SST 5/16-18 UNC X 1 IN. L",23,"SCREW, DRILLED HD 316SST 5/16-18 UNC X 1 IN. L",,2,,62983,
24_RetainerFan,"RETAINER, FAN",24,"RETAINER, FAN",,1,,9F512,
25_LockWasher,"LOCKWASHER, 5/16 STL",25,"LOCKWASHER, 5/16 STL",,5,,9F512,
26_WasherFlat,"WASHER, FLAT 5/16 SST",26,"WASHER, FLAT 5/16 SST",,4,,9F512,
27_Screw,"SCREW, HEX HD CAP 316SST 5/16-18 UNC X 1 IN. L",27,"SCREW, HEX HD CAP 316SST 5/16-18 UNC X 1 IN. L",,3,,9F512,
28_FanPlastic,"FAN, PLASTIC",28,"FAN, PLASTIC",,1,,3R504,
29_Tubing,"TUBING, SEAMLESS 316SST 1/2 X 0.049 WALL",29,"TUBING, SEAMLESS 316SST 1/2 X 0.049 WALL",,AR,,9F512,
30_TailPiece,"TAILPIECE, FEMALE TUBE",30,"TAILPIECE, FEMALE TUBE",,6,,99565,
30_Ring,"RING, BRAZING",30,"RING, BRAZING",,6,,99565,
30_NutTube,"NUT, TUBE",30,"NUT, TUBE",,6,,99565,
30_Elbow,"ELBOW, MALE TUBE TO STRAIGHT THREAD",30,"ELBOW, MALE TUBE TO STRAIGHT THREAD",,5,,99565,
31_O-Ring,"O-RING, MIL-R-83248",31,"O-RING, MIL-R-83248",,4,,81349,
32_O-Ring,"O-RING, MIL-R-83248",32,"O-RING, MIL-R-83248",,4,,81349,
33_Connector,"CONNECTOR, MALE TUBE TO MALE STRAIGHT THD",33,"CONNECTOR, MALE TUBE TO MALE STRAIGHT THD",,1,,99565,
34_Screw,"SCREW, HEX HD CAP 316SST 3/8-16 UNC X 1 IN. L",34,"SCREW, HEX HD CAP 316SST 3/8-16 UNC X 1 IN. L",,2,,9F512,
35_FanMotorAssy,FAN MOTOR ASSY W/SPECIAL PORT BLOCK,35,FAN MOTOR ASSY W/SPECIAL PORT BLOCK,,1,,9F512,
35A_Seal,"SEAL, SHAFT, FAN MOTOR",35A,"SEAL, SHAFT, FAN MOTOR",,1,,9F512,
36_SetScrew,"SETSCREW, 316SST 10-32UNF X 1/4",36,"SETSCREW, 316SST 10-32UNF X 1/4",,2,,9F512,
37_AdapterFan,"ADAPTER, FAN",37,"ADAPTER, FAN",,1,,9F512,
38_Screw,"SCREW, HEX HD CAP GR 8 1/2-13 UNC X 1 1/4 IN. L",38,"SCREW, HEX HD CAP GR 8 1/2-13 UNC X 1 1/4 IN. L",,2,,9F512,
39_Bracket,"BRACKET, SUPPORT",39,"BRACKET, SUPPORT",,1,,9F512,
39_Bracket,"BRACKET, SUPPORT (USED ON XMSN AFTER SER NO. 179)",39,"BRACKET, SUPPORT (USED ON XMSN AFTER SER NO. 179)",,1,,9F512,
40_FittingAdapter,"FITTING, ADAPTER",40,"FITTING, ADAPTER",,1,,9F512,
41_Screw,,41,,,,,,
42_Screw,"SCREW, DRILLED HD, 316 SST, 5/16-18 UNC X 1 IN.",42,"SCREW, DRILLED HD, 316 SST, 5/16-18 UNC X 1 IN.",,4,,62983,
43_LockWasher,"LOCKWASHER, 5/16 STL",43,"LOCKWASHER, 5/16 STL",,4,,9F512,
44_RetainerFan,"RETAINER, FAN",44,"RETAINER, FAN",,1,,9F512,
45_FanSteel,"FAN, STEEL",45,"FAN, STEEL",,1,,45454,
46_FanDriveMotorAssy,FAN DRIVE MOTOR ASSY,46,FAN DRIVE MOTOR ASSY,,1,,9F512,
47_SetScrew,"SETSCREW, SCH, 1/4-20 UNC X 3/4 IN. L",47,"SETSCREW, SCH, 1/4-20 UNC X 3/4 IN. L",,2,,9F512,
48_Bushing,"BUSHING, TAPER LOCK, STL",48,"BUSHING, TAPER LOCK, STL",,1,,71956,
49_Hub,"HUB, TAPER LOCK, STL",49,"HUB, TAPER LOCK, STL",,1,,9F512,
50_Screw,"SCREW, HEX HD CAP, 316 SST, 1/2-13 UNC X 1-1/2",50,"SCREW, HEX HD CAP, 316 SST, 1/2-13 UNC X 1-1/2",,2,,9F512,
51_PlateMounting,"PLATE, MOUNTING",51,"PLATE, MOUNTING",,1,,9F512,
52_VaneMotor,VANE MOTOR,52,VANE MOTOR,,1,,9F512,
53_SealShaft,"SEAL, SHAFT, FAN MOTOR",53,"SEAL, SHAFT, FAN MOTOR",,1,,9F512,
54_Reducer,"REDUCER, EXPANDER",54,"REDUCER, EXPANDER",,1,,45681,
55_O-Ring,"O-RING, MIL-R-83248",55,"O-RING, MIL-R-83248",,1,,81348,
56_DiaHose,"I-1/4 DIA HOSE ASSY, 90 DEG INLET",56,"I-1/4 DIA HOSE ASSY, 90 DEG INLET",,1,,53711,
56_NutTube,"NUT, TUBE",56,"NUT, TUBE",,2,,99565,
56_TailPiece,"TAILPIECE, FEMALE TUBE",56,"TAILPIECE, FEMALE TUBE",,1,,99565,
56_TailPiece,"TAILPIECE, I-1/4 DIA HOSE ADAPTER",56,"TAILPIECE, I-1/4 DIA HOSE ADAPTER",,1,,53711,
56_FemaleDiaHose,"FEMALE, I-1/4 DIA HOSE ADAPTER",56,"FEMALE, I-1/4 DIA HOSE ADAPTER",,1,,53711,
56_ClampHose,"CLAMP, HOSE AWAB 38-50 mm RANGE",56,"CLAMP, HOSE AWAB 38-50 mm RANGE",,4,,4CR25,
56_Hose,"HOSE, SAE100R4, 7.23 INCHES",56,"HOSE, SAE100R4, 7.23 INCHES",,1,,"01TH8 
3E6R6",
57_DiaTube,"I-1/4 DIA TUBE, 90 DEG",57,"I-1/4 DIA TUBE, 90 DEG",,1,,53711,
57_DiaTube,"I-1/4 DIA HOSE ASSY, OUTLET",57,"I-1/4 DIA HOSE ASSY, OUTLET",,1,,53711,
57_NutTube,"NUT, TUBE",57,"NUT, TUBE",,2,,99565,
57_TailPiece,"TAILPIECE, I-1/4 DIA HOSE ADAPTER",57,"TAILPIECE, I-1/4 DIA HOSE ADAPTER",,2,,53711,
57_ClampHose,"CLAMP, HOSE AWAB 38-50 mm RANGE",57,"CLAMP, HOSE AWAB 38-50 mm RANGE",,4,,4CR25,
57_Hose,"HOSE, SAE100R4, 7.23 INCHES",57,"HOSE, SAE100R4, 7.23 INCHES",,1,,"01TH8
3E6R6",
HOSE ASSY_1A,"HOSE ASSY, FLEXIBLE METAL",1A,"HOSE ASSY, FLEXIBLE METAL",,1,,9F512,
HOSE ASSY_1B,"HOSE ASSY, FLEXIBLE MET (INDEX NO. 1A AND 1B IS INSTALLED ON NST-D AFTER SER NO. 179 AND SHALL BE INSTL ON SER NO. 101 THRU 179 DURING OVHL)",1B,"HOSE ASSY, FLEXIBLE MET (INDEX NO. 1A AND 1B IS INSTALLED ON NST-D AFTER SER NO. 179 AND SHALL BE INSTL ON SER NO. 101 THRU 179 DURING OVHL)",,1,,9F512,
ELBOW_2,"ELBOW, UNION, TUBE TO TUBE",2,"ELBOW, UNION, TUBE TO TUBE",,2,,99565,
O-RING_3,"O-RING, MIL-R-83248",3a,"O-RING, MIL-R-83248",,6,,81349,
ELBOW_4,"ELBOW, MALE, TUBE TO STRAIGHT THREAD",4a,"ELBOW, MALE, TUBE TO STRAIGHT THREAD",,2,,99565,
SCREW_6,"SCREW, HEX HD CAP 316SST 3/8-16 UNC X 3/4 IN. L",6,"SCREW, HEX HD CAP 316SST 3/8-16 UNC X 3/4 IN. L",,42,,9F512,
WASHER_7,"WASHER, FLAT 316SST",7,"WASHER, FLAT 316SST",,20,,9F512,
"SHIELD, HE LH_8","SHIELD, HE LH",8,"SHIELD, HE LH",,1,,9F512,
"SHIELD, HE LH_9","SHIELD, HE RH",9,"SHIELD, HE RH",,1,,9F512,
"GRILL, HEAT EXCHANGER_10","GRILL, HEAT EXCHANGER",10,"GRILL, HEAT EXCHANGER",,1,,9F512,
"GRILL, UPPER, HE_11","GRILL, UPPER, HE",11,"GRILL, UPPER, HE",,1,,9F512,
"GRILL, LOWER, HE_12","GRILL, LOWER, HE",12,"GRILL, LOWER, HE",,1,,9F512,
SCREW_13,"SCREW, HEX HD CAP GR 8 3/8-16 UNC X 1 1/4 IN. L",13,"SCREW, HEX HD CAP GR 8 3/8-16 UNC X 1 1/4 IN. L",,4,,9F512,
"WASHER, FLAT_15","WASHER, FLAT 1/2 316SST",15a,"WASHER, FLAT 1/2 316SST",,8,,9F512,
"BRACKET, MOUNTING_16","BRACKET, MOUNTING",16,"BRACKET, MOUNTING",,1,,9F512,
"BRACKET, MOUNTING_17","BRACKET, MOUNTING (USED ON XMSN AFTER SER NO. 179)",17,"BRACKET, MOUNTING (USED ON XMSN AFTER SER NO. 179)",,1,,9F512,
MOUNT HE I_18,MOUNT HE I,18,MOUNT HE I,,1,,9F512,
SCREW_19,"SCREW, HEX HD CAP 316SST 3/8-16 UNC X 3/4 IN. L",19,"SCREW, HEX HD CAP 316SST 3/8-16 UNC X 3/4 IN. L",,10,,9F512,
HEAT EXCHANGER_20,"HEAT EXCHANGER SERIAL NO. 1 THRU 21 ORIGINALLY USED PART 001040, LATER SER NO. AND ALL REPLACEMENTS ARE PN 60824",20,"HEAT EXCHANGER SERIAL NO. 1 THRU 21 ORIGINALLY USED PART 001040, LATER SER NO. AND ALL REPLACEMENTS ARE PN 60824",,1,,50184,
